{"athens": [33.9597677, -83.376398], "krakow": [50.0469432, 19.997153435836697], "utrecht": [52.0907006, 5.1215634], "delft": [52.0114017, 4.35839], "limassol": [34.6852901, 33.0332657], "ostrava": [49.8349139, 18.2820084], "raleigh": [35.7803977, -78.6390989], "rafina": [12.1809372, 22.1375518], "chalkida": [38.4623664, 23.5946877], "wroclaw": [51.1089776, 17.0326689], "geneva": [46.2017559, 6.1466014], "nicosia": [37.747452, 14.397271], "none": [44.933143, 7.540121], "lausanne": [46.5218269, 6.6327025], "thessalonike": [40.83275247310552, 23.044519693518538], "stockholm": [59.3251172, 18.0710935]}